{
  "сельское, лесное хозяйство, охота, рыболовство и рыбоводство": {
    "новосибирская область": 0.5708285903401091,
    "калужская область": 0.5394857142857142,
    "саратовская область": 0.4223196086424787,
    "республика татарстан": 0.5021858592551514,
    "архангельская область": 0.7282595685999012,
    "калининградская область": 0.4644422531203313,
    "пермский край": 0.6185786583816948,
    "российская федерация": 0.5538364543352986,
    "волгоградская область": 0.5445762865975632,
    "иркутская область": 0.6076758513581618,
    "красноярский край": 0.46694861195702714,
    "приморский край": 0.7701490363473911
  },
  "добыча полезных ископаемых": {
    "новосибирская область": 0.5685444224491668,
    "калужская область": 0.7559047619047619,
    "саратовская область": 0.2701046337817638,
    "республика татарстан": 0.5565018409552321,
    "архангельская область": 0.5834230999401556,
    "калининградская область": 0.41839175803039047,
    "пермский край": 0.6659827656955273,
    "российская федерация": 0.601907166321937,
    "волгоградская область": 0.6408261097977409,
    "иркутская область": 0.7185610834597228,
    "красноярский край": 0.5937699340846269,
    "приморский край": 0.6044636572411782
  },
  "обрабатывающие производства": {
    "новосибирская область": 0.5405769171943349,
    "калужская область": 0.49123809523809536,
    "саратовская область": 0.423062139654068,
    "республика татарстан": 0.6033042565637796,
    "архангельская область": 0.5616756433273491,
    "калининградская область": 0.590083715732879,
    "пермский край": 0.6032330518540916,
    "российская федерация": 0.5415020395617344,
    "волгоградская область": 0.5932495874035416,
    "иркутская область": 0.5223387389452373,
    "красноярский край": 0.4020809785467283,
    "приморский край": 0.5495432051490836
  },
  "обеспечение электрической энергией, газом и паром; кондиционирование воздуха": {
    "новосибирская область": 0.5691474717812242,
    "калужская область": 0.12333333333333335,
    "саратовская область": 0.14125560538116588,
    "республика татарстан": 0.6488420907745777,
    "архангельская область": 0.7744464392579293,
    "калининградская область": 0.4816647432198501,
    "пермский край": 0.16700861715223636,
    "российская федерация": 0.9096808208622299,
    "волгоградская область": 0.5230127068557919,
    "иркутская область": 0.3585670647042488,
    "красноярский край": 0.6156354100219718,
    "приморский край": 0.9257787226176172
  },
  "строительство": {
    "новосибирская область": 0.6695726652595516,
    "калужская область": 0.5893650793650794,
    "саратовская область": 0.5744739565367367,
    "республика татарстан": 0.48625592145257684,
    "архангельская область": 0.47909036505086766,
    "калининградская область": 0.5004300706866704,
    "пермский край": 0.7715428805908904,
    "российская федерация": 0.4378463427313653,
    "волгоградская область": 0.47859948143064135,
    "иркутская область": 0.5375733372123264,
    "красноярский край": 0.5552006582292525,
    "приморский край": 0.49587620070104577
  },
  "транспортировка и хранение": {
    "новосибирская область": 0.6512408395495485,
    "калужская область": 0.6089142857142856,
    "саратовская область": 0.4238358054501551,
    "республика татарстан": 0.43585755898761674,
    "архангельская область": 0.4833782166367445,
    "калининградская область": 0.5659483332593547,
    "пермский край": 0.6520898059675243,
    "российская федерация": 0.5929003064907676,
    "волгоградская область": 0.6787570310589387,
    "иркутская область": 0.685835318649303,
    "красноярский край": 0.593562755905941,
    "приморский край": 0.7164432942046398
  },
  "деятельность в области информации и связи": {
    "новосибирская область": 0.5944161641898204,
    "калужская область": 0.4389079365079365,
    "саратовская область": 0.29887892376681613,
    "республика татарстан": 0.565183801369977,
    "архангельская область": 0.527342908438061,
    "калининградская область": 0.5688834391229083,
    "пермский край": 0.6964065888973562,
    "российская федерация": 0.5716260426383312,
    "волгоградская область": 0.5504074903570984,
    "иркутская область": 0.6044943942586755,
    "красноярский край": 0.5903644207883779,
    "приморский край": 0.42937688986307176
  },
  "деятельность профессиональная, научная и техническая": {
    "новосибирская область": 0.7625722675965863,
    "калужская область": 0.5234285714285714,
    "саратовская область": 0.3307174887892377,
    "республика татарстан": 0.5198100547125012,
    "архангельская область": 0.768806104129264,
    "калининградская область": 0.8329342181188689,
    "пермский край": 0.3553549446040213,
    "российская федерация": 0.7992253721052845,
    "волгоградская область": 0.8055260047281323,
    "иркутская область": 0.6677774692215125,
    "красноярский край": 0.672336806293855,
    "приморский край": 0.8760822010660257
  },
  "государственное управление и обеспечение военной безопасности; социальное обеспечение": {
    "новосибирская область": 0.49861304612612317,
    "калужская область": 0.551032967032967,
    "саратовская область": 0.49608642478597625,
    "республика татарстан": 0.5331268710643129,
    "архангельская область": 0.5107970888592884,
    "калининградская область": 0.5184187206330888,
    "пермский край": 0.7654082888797702,
    "российская федерация": 0.4821264414432684,
    "волгоградская область": 0.5922685703620754,
    "иркутская область": 0.5888350629626201,
    "красноярский край": 0.5249881417752988,
    "приморский край": 0.5457271672263815
  },
  "образование": {
    "новосибирская область": 0.7416442112229944,
    "калужская область": 0.45927891156462586,
    "саратовская область": 0.510949177877429,
    "республика татарстан": 0.662637702959784,
    "архангельская область": 0.7060182655530403,
    "калининградская область": 0.6418465089440276,
    "пермский край": 0.4952126932020244,
    "российская федерация": 0.5756743815470841,
    "волгоградская область": 0.45411562432839037,
    "иркутская область": 0.6676515782652968,
    "красноярский край": 0.6065406349267715,
    "приморский край": 0.7269240141501904
  },
  "деятельность в области здравоохранения и социальных услуг": {
    "новосибирская область": 0.690069955739406,
    "калужская область": 0.6308070175438596,
    "саратовская область": 0.4433696348494554,
    "республика татарстан": 0.5601355768899902,
    "архангельская область": 0.6778775184520247,
    "калининградская область": 0.5592159331339942,
    "пермский край": 0.7008244115343008,
    "российская федерация": 0.6538078913278415,
    "волгоградская область": 0.6015381983327112,
    "иркутская область": 0.620027889505006,
    "красноярский край": 0.6702530299808632,
    "приморский край": 0.5769202329235604
  },
  "деятельность в области культуры, спорта, организации досуга и развлечений": {
    "новосибирская область": 0.47504959021890303,
    "калужская область": 0.5545142857142856,
    "саратовская область": 0.41955156950672645,
    "республика татарстан": 0.6919066790544027,
    "архангельская область": 0.5535966487133452,
    "калининградская область": 0.733338141950375,
    "пермский край": 0.6491588018054986,
    "российская федерация": 0.7962512335915427,
    "волгоградская область": 0.33927633307065924,
    "иркутская область": 0.5346747115700184,
    "красноярский край": 0.7345736763767808,
    "приморский край": 0.6785593246449148
  }
}