{
  "Архангельская область": {
    "Сельское, лесное хозяйство, охота, рыболовство и рыбоводство": 0.27174043140009885,
    "Добыча полезных ископаемых": 0.4165769000598444,
    "Обрабатывающие производства": 0.4383243566726509,
    "Обеспечение электрической энергией, газом и паром; кондиционирование воздуха": 0.22555356074207067,
    "Строительство": 0.5209096349491323,
    "Транспортировка и хранение": 0.5166217833632555,
    "Деятельность в области информации и связи": 0.472657091561939,
    "Деятельность профессиональная, научная и техническая": 0.23119389587073602,
    "Государственное управление и обеспечение военной безопасности; социальное обеспечение": 0.48920291114071157,
    "Образование": 0.29398173444695974,
    "Деятельность в области здравоохранения и социальных услуг": 0.3221224815479753,
    "Деятельность в области культуры, спорта, организации досуга и развлечений": 0.44640335128665476,
    "avg": 0.38710734442016914
  },
  "Волгоградская область": {
    "Сельское, лесное хозяйство, охота, рыболовство и рыбоводство": 0.4554237134024368,
    "Добыча полезных ископаемых": 0.3591738902022591,
    "Обрабатывающие производства": 0.4067504125964584,
    "Обеспечение электрической энергией, газом и паром; кондиционирование воздуха": 0.47698729314420807,
    "Строительство": 0.5214005185693587,
    "Транспортировка и хранение": 0.3212429689410613,
    "Деятельность в области информации и связи": 0.44959250964290165,
    "Деятельность профессиональная, научная и техническая": 0.1944739952718677,
    "Государственное управление и обеспечение военной безопасности; социальное обеспечение": 0.40773142963792464,
    "Образование": 0.5458843756716096,
    "Деятельность в области здравоохранения и социальных услуг": 0.39846180166728884,
    "Деятельность в области культуры, спорта, организации досуга и развлечений": 0.6607236669293408,
    "avg": 0.43315388130639293
  },
  "Иркутская область": {
    "Сельское, лесное хозяйство, охота, рыболовство и рыбоводство": 0.3923241486418382,
    "Добыча полезных ископаемых": 0.2814389165402772,
    "Обрабатывающие производства": 0.4776612610547627,
    "Обеспечение электрической энергией, газом и паром; кондиционирование воздуха": 0.6414329352957512,
    "Строительство": 0.46242666278767364,
    "Транспортировка и хранение": 0.314164681350697,
    "Деятельность в области информации и связи": 0.39550560574132454,
    "Деятельность профессиональная, научная и техническая": 0.3322225307784875,
    "Государственное управление и обеспечение военной безопасности; социальное обеспечение": 0.4111649370373799,
    "Образование": 0.33234842173470325,
    "Деятельность в области здравоохранения и социальных услуг": 0.379972110494994,
    "Деятельность в области культуры, спорта, организации досуга и развлечений": 0.46532528842998155,
    "avg": 0.40716562499065584
  },
  "Калужская область": {
    "Сельское, лесное хозяйство, охота, рыболовство и рыбоводство": 0.46051428571428576,
    "Добыча полезных ископаемых": 0.24409523809523814,
    "Обрабатывающие производства": 0.5087619047619046,
    "Обеспечение электрической энергией, газом и паром; кондиционирование воздуха": 0.8766666666666667,
    "Строительство": 0.4106349206349206,
    "Транспортировка и хранение": 0.39108571428571437,
    "Деятельность в области информации и связи": 0.5610920634920635,
    "Деятельность профессиональная, научная и техническая": 0.47657142857142865,
    "Государственное управление и обеспечение военной безопасности; социальное обеспечение": 0.448967032967033,
    "Образование": 0.5407210884353741,
    "Деятельность в области здравоохранения и социальных услуг": 0.3691929824561404,
    "Деятельность в области культуры, спорта, организации досуга и развлечений": 0.4454857142857144,
    "avg": 0.4778157533638738
  },
  "Красноярский край": {
    "Сельское, лесное хозяйство, охота, рыболовство и рыбоводство": 0.5330513880429728,
    "Добыча полезных ископаемых": 0.40623006591537314,
    "Обрабатывающие производства": 0.5979190214532717,
    "Обеспечение электрической энергией, газом и паром; кондиционирование воздуха": 0.38436458997802825,
    "Строительство": 0.44479934177074754,
    "Транспортировка и хранение": 0.406437244094059,
    "Деятельность в области информации и связи": 0.4096355792116221,
    "Деятельность профессиональная, научная и техническая": 0.32766319370614505,
    "Государственное управление и обеспечение военной безопасности; социальное обеспечение": 0.47501185822470116,
    "Образование": 0.39345936507322854,
    "Деятельность в области здравоохранения и социальных услуг": 0.3297469700191368,
    "Деятельность в области культуры, спорта, организации досуга и развлечений": 0.26542632362321916,
    "avg": 0.4144787450927088
  },
  "Новосибирская область": {
    "Сельское, лесное хозяйство, охота, рыболовство и рыбоводство": 0.42917140965989087,
    "Добыча полезных ископаемых": 0.4314555775508332,
    "Обрабатывающие производства": 0.45942308280566513,
    "Обеспечение электрической энергией, газом и паром; кондиционирование воздуха": 0.43085252821877584,
    "Строительство": 0.3304273347404484,
    "Транспортировка и хранение": 0.3487591604504515,
    "Деятельность в области информации и связи": 0.40558383581017965,
    "Деятельность профессиональная, научная и техническая": 0.23742773240341375,
    "Государственное управление и обеспечение военной безопасности; социальное обеспечение": 0.5013869538738769,
    "Образование": 0.2583557887770056,
    "Деятельность в области здравоохранения и социальных услуг": 0.309930044260594,
    "Деятельность в области культуры, спорта, организации досуга и развлечений": 0.524950409781097,
    "avg": 0.3889769881943526
  },
  "Пермский край": {
    "Сельское, лесное хозяйство, охота, рыболовство и рыбоводство": 0.3814213416183052,
    "Добыча полезных ископаемых": 0.3340172343044727,
    "Обрабатывающие производства": 0.3967669481459084,
    "Обеспечение электрической энергией, газом и паром; кондиционирование воздуха": 0.8329913828477636,
    "Строительство": 0.22845711940910962,
    "Транспортировка и хранение": 0.3479101940324757,
    "Деятельность в области информации и связи": 0.3035934111026438,
    "Деятельность профессиональная, научная и техническая": 0.6446450553959787,
    "Государственное управление и обеспечение военной безопасности; социальное обеспечение": 0.2345917111202298,
    "Образование": 0.5047873067979756,
    "Деятельность в области здравоохранения и социальных услуг": 0.29917558846569925,
    "Деятельность в области культуры, спорта, организации досуга и развлечений": 0.35084119819450144,
    "avg": 0.4049332076195886
  },
  "Калининградская область": {
    "Сельское, лесное хозяйство, охота, рыболовство и рыбоводство": 0.5355577468796686,
    "Добыча полезных ископаемых": 0.5816082419696096,
    "Обрабатывающие производства": 0.409916284267121,
    "Обеспечение электрической энергией, газом и паром; кондиционирование воздуха": 0.5183352567801499,
    "Строительство": 0.49956992931332955,
    "Транспортировка и хранение": 0.4340516667406453,
    "Деятельность в области информации и связи": 0.4311165608770917,
    "Деятельность профессиональная, научная и техническая": 0.16706578188113108,
    "Государственное управление и обеспечение военной безопасности; социальное обеспечение": 0.4815812793669112,
    "Образование": 0.3581534910559724,
    "Деятельность в области здравоохранения и социальных услуг": 0.4407840668660058,
    "Деятельность в области культуры, спорта, организации досуга и развлечений": 0.26666185804962494,
    "avg": 0.42703351367060516
  },
  "Приморский край": {
    "Сельское, лесное хозяйство, охота, рыболовство и рыбоводство": 0.22985096365260893,
    "Добыча полезных ископаемых": 0.39553634275882177,
    "Обрабатывающие производства": 0.4504567948509164,
    "Обеспечение электрической энергией, газом и паром; кондиционирование воздуха": 0.07422127738238282,
    "Строительство": 0.5041237992989542,