{
  "государственное управление и обеспечение военной безопасности; социальное обеспечение": {
    "российская федерация": 0.03857777777777778,
    "пермский край": 0.06128,
    "новосибирская область": 0.039890909090909095,
    "красноярский край": 0.04193846153846154,
    "калужская область": 0.044123076923076925,
    "волгоградская область": 0.047368421052631574,
    "саратовская область": 0.0397090909090909,
    "архангельская область": 0.04074838709677419,
    "иркутская область": 0.04711111111111111,
    "республика татарстан": 0.042666666666666665,
    "калининградская область": 0.041504761904761905,
    "приморский край": 0.04373333333333333
  },
  "образование": {
    "российская федерация": 0.24183870967741938,
    "пермский край": 0.20719999999999997,
    "новосибирская область": 0.31118181818181817,
    "красноярский край": 0.2548,
    "калужская область": 0.19319999999999998,
    "волгоградская область": 0.19090909090909092,
    "саратовская область": 0.21385000000000004,
    "архангельская область": 0.2969217391304348,
    "иркутская область": 0.280056,
    "республика татарстан": 0.27876,
    "калининградская область": 0.269304,
    "приморский край": 0.3054545454545455
  },
  "обрабатывающие производства": {
    "российская федерация": 0.5414736842105263,
    "пермский край": 0.6036842105263158,
    "новосибирская область": 0.5401960784313725,
    "красноярский край": 0.401842105263158,
    "калужская область": 0.4910000000000001,
    "волгоградская область": 0.5926415094339622,
    "саратовская область": 0.42214285714285715,
    "архангельская область": 0.562,
    "иркутская область": 0.5226984126984127,
    "республика татарстан": 0.6025,
    "калининградская область": 0.589047619047619,
    "приморский край": 0.5504761904761906
  },
  "транспортировка и хранение": {
    "российская федерация": 0.10078571428571431,
    "пермский край": 0.11074285714285716,
    "новосибирская область": 0.11062142857142859,
    "красноярский край": 0.10104102564102564,
    "калужская область": 0.10336000000000001,
    "волгоградская область": 0.11524827586206897,
    "саратовская область": 0.0717923076923077,
    "архангельская область": 0.08213125000000002,
    "иркутская область": 0.11658421052631579,
    "республика татарстан": 0.07406086956521742,
    "калининградская область": 0.0963769230769231,
    "приморский край": 0.12183333333333335
  },
  "деятельность профессиональная, научная и техническая": {
    "российская федерация": 0.6653833333333333,
    "пермский край": 0.29879999999999995,
    "новосибирская область": 0.6308,
    "красноярский край": 0.5588666666666666,
    "калужская область": 0.43492,
    "волгоградская область": 0.66898,
    "саратовская область": 0.27390000000000003,
    "архангельская область": 0.6380625,
    "иркутская область": 0.5561,
    "республика татарстан": 0.4307699999999999,
    "калининградская область": 0.6938799999999999,
    "приморский край": 0.7248666666666665
  },
  "деятельность в области культуры, спорта, организации досуга и развлечений": {
    "российская федерация": 0.19944444444444445,
    "пермский край": 0.1625,
    "новосибирская область": 0.11884615384615385,
    "красноярский край": 0.18325,
    "калужская область": 0.1385,
    "волгоградская область": 0.08499999999999999,
    "саратовская область": 0.10499999999999998,
    "архангельская область": 0.13825,
    "иркутская область": 0.13386363636363635,
    "республика татарстан": 0.17312499999999997,
    "калининградская область": 0.183,
    "приморский край": 0.16949999999999998
  },
  "обеспечение электрической энергией, газом и паром; кондиционирование воздуха": {
    "российская федерация": 0.5277999999999999,
    "новосибирская область": 0.3306,
    "архангельская область": 0.44949999999999996,
    "иркутская область": 0.20879999999999999,
    "калининградская область": 0.27956,
    "приморский край": 0.5365,
    "красноярский край": 0.35766666666666663,
    "республика татарстан": 0.37506666666666666,
    "волгоградская область": 0.3045
  },
  "деятельность в области информации и связи": {
    "российская федерация": 0.5256777777777778,
    "пермский край": 0.6400571428571429,
    "новосибирская область": 0.5468588235294117,
    "красноярский край": 0.5425032258064516,
    "калужская область": 0.40357333333333334,
    "волгоградская область": 0.5074526315789474,
    "саратовская область": 0.2744666666666667,
    "архангельская область": 0.4853,
    "иркутская область": 0.5574117647058824,
    "республика татарстан": 0.5208387096774194,
    "калининградская область": 0.5235375000000001,
    "приморский край": 0.3947238095238094
  },
  "добыча полезных ископаемых": {
    "российская федерация": 0.301,
    "пермский край": 0.33318181818181813,
    "новосибирская область": 0.28428571428571425,
    "красноярский край": 0.2977777777777778,
    "калужская область": 0.3775,
    "волгоградская область": 0.3211111111111111,
    "саратовская область": 0.13500000000000006,
    "архангельская область": 0.29166666666666663,
    "иркутская область": 0.36,
    "республика татарстан": 0.27749999999999997,
    "калининградская область": 0.20916666666666667,
    "приморский край": 0.3023076923076923
  },
  "сельское, лесное хозяйство, охота, рыболовство и рыбоводство": {
    "российская федерация": 0.4157727272727273,
    "пермский край": 0.46499999999999997,
    "новосибирская область": 0.42750000000000005,
    "красноярский край": 0.35008474576271187,
    "калужская область": 0.403875,
    "волгоградская область": 0.4078846153846154,
    "саратовская область": 0.3167045454545454,
    "архангельская область": 0.5461956521739131,
    "иркутская область": 0.45541666666666675,
    "республика татарстан": 0.37709302325581395,
    "калининградская область": 0.3476712328767123,
    "приморский край": 0.5775
  },
  "строительство": {
    "российская федерация": 0.2948000000000001,
    "пермский край": 0.5184125,
    "новосибирская область": 0.44845333333333337,
    "красноярский край": 0.3719956521739131,
    "калужская область": 0.3925083333333334,
    "волгоградская область": 0.32051935483870964,
    "саратовская область": 0.3834461538461539,
    "архангельская область": 0.320796,
    "иркутская область": 0.3608428571428571,
    "республика татарстан": 0.3271833333333334,
    "калининградская область": 0.33592125,
    "приморский край": 0.33152115384615394
  },
  "деятельность в области здравоохранения и социальных услуг": {
    "российская федерация": 0.21585882352941174,
    "пермский край": 0.2313,
    "новосибирская область": 0.22757307692307693,
    "красноярский край": 0.2211,
    "калужская область": 0.20824736842105263,
    "волгоградская область": 0.19869473684210526,
    "саратовская область": 0.14614285714285713,
    "архангельская область": 0.22352000000000002,
    "иркутская область": 0.20459999999999998,
    "республика татарстан": 0.18513000000000002,
    "калининградская область": 0.1847,
    "приморский край": 0.19041
  }
}